/* Cameron Wohlfeil */

USE WBank
GO

--Populate tables
INSERT INTO Employees (EmployeeNumber, FirstName, LastName, Title, CanCreateNewAccount, HourlySalary, Address, City, State, ZipCode, EmailAddress) VALUES
(1001, 'Roxane', 'Campain', 'Mrs.',1,25, '1st St.', 'Norfolk', 'VA', '12345', 'roxane@hotmail.com'),
(1002, 'Lavera', 'Perin','Mr.',1,15.5, '2nd St.','Richmond','VA','23456', 'lperin@perin.org'),
(1003, 'Erick', 'Ferencz', 'Mrs.',0,22.5, '3rd St.','Charlotte','NC','34567', 'erick.ferencz@aol.com'),
(1004, 'Fatima', 'Saylors','Mr.',1,20, '4th St.','Raleigh','NC','45678', 'fsaylors@saylors.org'),
(1005, 'Jina', 'Briddick', 'Mrs.',0,30.75, '5th St.','Baltimore','MD','56789', 'jina_briddick@briddick.com'),
(1006, 'Kanisha', 'Waycott','Mr.',0,25, '6th St.','Bethesda','MD','67890', 'kanisha_waycott@yahoo.com'),
(1007, 'Emerson', 'Bowley', 'Mrs.',1,15.5, '7th St.','Washington','DC','78901', 'emerson.bowley@bowley.org'),
(1008, 'Blair', 'Malet','Mr.',0,22.5, '8th St.','Dover','DE','89012', 'bmalet@yahoo.com'),
(1009, 'Brock', 'Bolognia', 'Mrs.',0,20, '9th St.','Newark','NJ','90123', 'bbolognia@yahoo.com'),
(1010, 'Lorrie', 'Nestle','Mr.',1,30.75, '10th St.', 'Norfolk', 'VA', '12345', 'lnestle@hotmail.com'),
(1011, 'Sabra', 'Uyetake', 'Mrs.',1,25, '11th St.','Richmond','VA','23456', 'sabra@uyetake.org'),
(1012, 'Marjory', 'Mastella','Mr.',1,15.5, '12th St.','Charlotte','NC','34567', 'mmastella@mastella.com'),
(1013, 'Karl', 'Klonowski', 'Mrs.',1,22.5, '13th St.','Raleigh','NC','45678', 'karl_klonowski@yahoo.com'),
(1014, 'Tonette', 'Wenner','Mr.',0,20, '14th St.','Baltimore','MD','56789', 'twenner@aol.com'),
(1015, 'Amber', 'Monarrez', 'Mrs.',1,30.75, '15th St.','Bethesda','MD','67890', 'amber_monarrez@monarrez.org'),
(1016, 'Shenika', 'Seewald','Mr.',1,25, '16th St.','Washington','DC','78901', 'shenika@gmail.com'),
(1017, 'Delmy', 'Ahle', 'Mrs.',1,15.5, '17th St.','Dover','DE','89012', 'delmy.ahle@hotmail.com'),
(1018, 'Deeanna', 'Juhas','Mr.',0,22.5, '18th St.','Newark','NJ','90123', 'deeanna_juhas@gmail.com'),
(1019, 'Blondell', 'Pugh', 'Mrs.',1,20, '19th St.', 'Norfolk', 'VA', '12345', 'bpugh@aol.com'),
(1020, 'Jamal', 'Vanausdal','Mr.',0,30.75, '20th St.','Richmond','VA','23456', 'jamal@vanausdal.org'),
(1021, 'Cecily', 'Hollack', 'Mrs.',0,25, '21st St.','Charlotte','NC','34567', 'cecily@hollack.org'),
(1022, 'Carmelina', 'Lindall','Mr.',0,15.5, '22nd St.','Raleigh','NC','45678', 'carmelina_lindall@lindall.com'),
(1023, 'Maurine', 'Yglesias', 'Mrs.',1,22.5, '23rd St.','Baltimore','MD','56789', 'maurine_yglesias@yglesias.com'),
(1024, 'Tawna', 'Buvens','Mr.',1,20, '24th St.','Bethesda','MD','67890', 'tawna@gmail.com'),
(1025, 'Penney', 'Weight', 'Mrs.',0,30.75, '25th St.','Washington','DC','78901', 'penney_weight@aol.com'),
(1026, 'Elly', 'Morocco','Mr.',1,25, '26th St.','Dover','DE','89012', 'elly_morocco@gmail.com'),
(1027, 'Ilene', 'Eroman', 'Mrs.',0,15.5, '27th St.','Newark','NJ','90123', 'ilene.eroman@hotmail.com'),
(1028, 'Vallie', 'Mondella','Mr.',1,22.5, '28th St.', 'Norfolk', 'VA', '12345', 'vmondella@mondella.com'),
(1029, 'Kallie', 'Blackwood', 'Mrs.',1,20, '29th St.','Richmond','VA','23456', 'kallie.blackwood@gmail.com'),
(1030, 'Johnetta', 'Abdallah','Mr.',1,30.75, '30th St.','Charlotte','NC','34567', 'johnetta_abdallah@aol.com'),
(1031, 'Bobbye', 'Rhym', 'Mrs.',0,25, '31st St.','Raleigh','NC','45678', 'brhym@rhym.com'),
(1032, 'Micaela', 'Rhymes','Mr.',1,15.5, '32nd St.','Baltimore','MD','56789', 'micaela_rhymes@gmail.com'),
(1033, 'Tamar', 'Hoogland', 'Mrs.',0,22.5, '33rd St.','Bethesda','MD','67890', 'tamar@hotmail.com'),
(1034, 'Moon', 'Parlato','Mr.',1,20, '34th St.','Washington','DC','78901', 'moon@yahoo.com'),
(1035, 'Laurel', 'Reitler', 'Mrs.',1,30.75, '35th St.','Dover','DE','89012', 'laurel_reitler@reitler.com'),
(1036, 'Delisa', 'Crupi','Mr.',1,25, '36th St.','Newark','NJ','90123', 'delisa.crupi@crupi.com'),
(1037, 'Viva', 'Toelkes', 'Mrs.',1,15.5, '37th St.', 'Norfolk', 'VA', '12345', 'viva.toelkes@gmail.com'),
(1038, 'Elza', 'Lipke','Mr.',0,22.5, '38th St.','Richmond','VA','23456', 'elza@yahoo.com'),
(1039, 'Devorah', 'Chickering', 'Mrs.',1,20, '39th St.','Charlotte','NC','34567', 'devorah@hotmail.com'),
(1040, 'Timothy', 'Mulqueen','Mr.',1,30.75, '40th St.','Raleigh','NC','45678', 'timothy_mulqueen@mulqueen.org'),
(1041, 'Arlette', 'Honeywell', 'Mrs.',1,25, '41st St.','Baltimore','MD','56789', 'ahoneywell@honeywell.com'),
(1042, 'Dominque', 'Dickerson','Mr.',0,15.5, '42nd St.','Bethesda','MD','67890', 'dominque.dickerson@dickerson.org'),
(1043, 'Lettie', 'Isenhower', 'Mrs.',0,22.5, '43rd St.','Washington','DC','78901', 'lettie_isenhower@yahoo.com'),
(1044, 'Myra', 'Munns','Mr.',0,20, '44th St.','Dover','DE','89012', 'mmunns@cox.net'),
(1045, 'Stephaine', 'Barfield', 'Mrs.',1,30.75, '45th St.','Newark','NJ','90123', 'stephaine@barfield.com'),
(1046, 'Lai', 'Gato','Mr.',0,25, '46th St.', 'Norfolk', 'VA', '12345', 'lai.gato@gato.org'),
(1047, 'Stephen', 'Emigh', 'Mrs.',1,15.5, '47th St.','Richmond','VA','23456', 'stephen_emigh@hotmail.com'),
(1048, 'Tyra', 'Shields','Mr.',0,22.5, '48th St.','Charlotte','NC','34567', 'tshields@gmail.com'),
(1049, 'Tammara', 'Wardrip', 'Mrs.',1,20, '49th St.','Raleigh','NC','45678', 'twardrip@cox.net'),
(1050, 'Cory', 'Gibes','Mr.',0,30.75, '50th St.','Baltimore','MD','56789', 'cory.gibes@gmail.com')


INSERT INTO Customers (DateCreated, AccountNumber, AccountTypeID, FirstName, LastName, Gender, Address, City, State, ZipCode, PhoneNumber, EmailAddress) VALUES
(CONVERT (date, GETDATE()),10001,1, 'Allan','Sherwood','M','1st St.','Norfolk','VA',12345,'555-555-1234', 'allan.sherwood@yahoo.com'),
(CONVERT (date, GETDATE()),10002,2, 'Barry','Zimmer','M','2nd St.','Richmond','VA',23456,'555-555-1235', 'barryz@gmail.com'),
(CONVERT (date, GETDATE()),10003,3, 'Christine', 'Brown','F','3rd St.','Charlotte','NC',34567,'555-555-1236', 'christineb@solarone.com'),
(CONVERT (date, GETDATE()),10004,1, 'David', 'Goldstein','M','4th St.','Raleigh','NC',45678,'555-555-1237', 'david.goldstein@hotmail.com'),
(CONVERT (date, GETDATE()),10005,2, 'Erin', 'Valentino','F','5th St.','Baltimore','MD',56789,'555-555-1238', 'erinv@gmail.com'),
(CONVERT (date, GETDATE()),10006,3, 'Frank Lee', 'Wilson','M','6th St.','Bethesda','MD',67890,'555-555-1239', 'frankwilson@sbcglobal.com'),
(CONVERT (date, GETDATE()),10007,1, 'Gary', 'Hernandez','M','7th St.','Washington','DC',78901,'555-555-1240', 'gary_hernandez@yahoo.com'),
(CONVERT (date, GETDATE()),10008,2, 'Heather', 'Esway','F','8th St.','Dover','DE',89012,'555-555-1241', 'heatheresway@mac.com'),
(CONVERT (date, GETDATE()),10009,3, 'James', 'Butt','M','9th St.','Newark','NJ',90123,'555-555-1242', 'jbutt@gmail.com'),
(CONVERT (date, GETDATE()),10010,1, 'Josephine', 'Darakjy','F','10th St.','Norfolk','VA',12345,'555-555-1243', 'josephine_darakjy@darakjy.org'),
(CONVERT (date, GETDATE()),10011,2, 'Art', 'Venere','M','11th St.','Richmond','VA',23456,'555-555-1244', 'art@venere.org'),
(CONVERT (date, GETDATE()),10012,3, 'Lenna', 'Paprocki','F','12th St.','Charlotte','NC',34567,'555-555-1245', 'lpaprocki@hotmail.com'),
(CONVERT (date, GETDATE()),10013,1, 'Donette', 'Foller','F','13th St.','Raleigh','NC',45678,'555-555-1246', 'donette.foller@cox.net'),
(CONVERT (date, GETDATE()),10014,2, 'Simona', 'Morasca','F','14th St.','Baltimore','MD',56789,'555-555-1247', 'simona@morasca.com'),
(CONVERT (date, GETDATE()),10015,3, 'Mitsue', 'Tollner','F','15th St.','Bethesda','MD',67890,'555-555-1248', 'mitsue_tollner@yahoo.com'),
(CONVERT (date, GETDATE()),10016,1, 'Leota', 'Dilliard','M','16th St.','Washington','DC',78901,'555-555-1249', 'leota@hotmail.com'),
(CONVERT (date, GETDATE()),10017,2, 'Sage', 'Wieser','F','17th St.','Dover','DE',89012,'555-555-1250', 'sage_wieser@cox.net'),
(CONVERT (date, GETDATE()),10018,3, 'Kris', 'Marrier','M','18th St.','Newark','NJ',90123,'555-555-1251', 'kris@gmail.com'),
(CONVERT (date, GETDATE()),10019,1, 'Minna', 'Amigon','F','19th St.','Norfolk','VA',12345,'555-555-1252', 'minna_amigon@yahoo.com'),
(CONVERT (date, GETDATE()),10020,2, 'Abel', 'Maclead','M','20th St.','Richmond','VA',23456,'555-555-1253', 'amaclead@gmail.com'),
(CONVERT (date, GETDATE()),10021,3, 'Kiley', 'Caldarera','F','21st St.','Charlotte','NC',34567,'555-555-1254', 'kiley.caldarera@aol.com'),
(CONVERT (date, GETDATE()),10022,1, 'Graciela', 'Ruta','F','22nd St.','Raleigh','NC',45678,'555-555-1255', 'gruta@cox.net'),
(CONVERT (date, GETDATE()),10023,2, 'Cammy', 'Albares','F','23rd St.','Baltimore','MD',56789,'555-555-1256', 'calbares@gmail.com'),
(CONVERT (date, GETDATE()),10024,3, 'Mattie', 'Poquette','F','24th St.','Bethesda','MD',67890,'555-555-1257', 'mattie@aol.com'),
(CONVERT (date, GETDATE()),10025,1, 'Meaghan', 'Garufi','F','25th St.','Washington','DC',78901,'555-555-1258', 'meaghan@hotmail.com'),
(CONVERT (date, GETDATE()),10026,2, 'Gladys', 'Rim','F','26th St.','Dover','DE',89012,'555-555-1259', 'gladys.rim@rim.org'),
(CONVERT (date, GETDATE()),10027,3, 'Yuki', 'Whobrey','F','27th St.','Newark','NJ',90123,'555-555-1260', 'yuki_whobrey@aol.com'),
(CONVERT (date, GETDATE()),10028,1, 'Fletcher', 'Flosi','M','28th St.','Norfolk','VA',12345,'555-555-1261', 'fletcher.flosi@yahoo.com'),
(CONVERT (date, GETDATE()),10029,2, 'Bette', 'Nicka','F','29th St.','Richmond','VA',23456,'555-555-1262', 'bette_nicka@cox.net'),
(CONVERT (date, GETDATE()),10030,3, 'Veronika', 'Inouye','F','30th St.','Charlotte','NC',34567,'555-555-1263', 'vinouye@aol.com'),
(CONVERT (date, GETDATE()),10031,1, 'Willard', 'Kolmetz','M','31st St.','Raleigh','NC',45678,'555-555-1264', 'willard@hotmail.com'),
(CONVERT (date, GETDATE()),10032,2, 'Maryann', 'Royster','F','32nd St.','Baltimore','MD',56789,'555-555-1265', 'mroyster@royster.com'),
(CONVERT (date, GETDATE()),10033,3, 'Alisha', 'Slusarski','F','33rd St.','Bethesda','MD',67890,'555-555-1266', 'alisha@slusarski.com'),
(CONVERT (date, GETDATE()),10034,1, 'Allene', 'Iturbide','F','34th St.','Washington','DC',78901,'555-555-1267', 'allene_iturbide@cox.net'),
(CONVERT (date, GETDATE()),10035,2, 'Chanel', 'Caudy','F','35th St.','Dover','DE',89012,'555-555-1268', 'chanel.caudy@caudy.org'),
(CONVERT (date, GETDATE()),10036,3, 'Ezekiel', 'Chui','M','36th St.','Newark','NJ',90123,'555-555-1269', 'ezekiel@chui.com'),
(CONVERT (date, GETDATE()),10037,1, 'Willow', 'Kusko','F','37th St.','Norfolk','VA',12345,'555-555-1270', 'wkusko@yahoo.com'),
(CONVERT (date, GETDATE()),10038,2, 'Bernardo', 'Figeroa','M','38th St.','Richmond','VA',23456,'555-555-1271', 'bfigeroa@aol.com'),
(CONVERT (date, GETDATE()),10039,3, 'Ammie', 'Corrio','F','39th St.','Charlotte','NC',34567,'555-555-1272', 'ammie@corrio.com'),
(CONVERT (date, GETDATE()),10040,1, 'Francine', 'Vocelka','F','40th St.','Raleigh','NC',45678,'555-555-1273', 'francine_vocelka@vocelka.com'),
(CONVERT (date, GETDATE()),10041,2, 'Ernie', 'Stenseth','M','41st St.','Baltimore','MD',56789,'555-555-1274', 'ernie_stenseth@aol.com'),
(CONVERT (date, GETDATE()),10042,3, 'Albina', 'Glick','M','42nd St.','Bethesda','MD',67890,'555-555-1275', 'albina@glick.com'),
(CONVERT (date, GETDATE()),10043,1, 'Alishia', 'Sergi','F','43rd St.','Washington','DC',78901,'555-555-1276', 'asergi@gmail.com'),
(CONVERT (date, GETDATE()),10044,2, 'Solange', 'Shinko','M','44th St.','Dover','DE',89012,'555-555-1277', 'solange@shinko.com'),
(CONVERT (date, GETDATE()),10045,3, 'Jose', 'Stockham','M','45th St.','Newark','NJ',90123,'555-555-1278', 'jose@yahoo.com'),
(CONVERT (date, GETDATE()),10046,1, 'Rozella', 'Ostrosky','F','46th St.','Norfolk','VA',12345,'555-555-1279', 'rozella.ostrosky@ostrosky.com'),
(CONVERT (date, GETDATE()),10047,2, 'Valentine', 'Gillian','M','47th St.','Richmond','VA',23456,'555-555-1280', 'valentine_gillian@gmail.com'),
(CONVERT (date, GETDATE()),10048,3, 'Kati', 'Rulapaugh','F','48th St.','Charlotte','NC',34567,'555-555-1281', 'kati.rulapaugh@hotmail.com'),
(CONVERT (date, GETDATE()),10049,1, 'Youlanda', 'Schemmer','F','49th St.','Raleigh','NC',45678,'555-555-1282', 'youlanda@aol.com'),
(CONVERT (date, GETDATE()),10050,2, 'Dyan', 'Oldroyd','M','50th St.','Baltimore','MD',56789,'555-555-1283', 'doldroyd@aol.com')


INSERT INTO Deposits (LocationID, EmployeeID, CustomerID, DepositDate, DepositAmount) VALUES
(1,1,1,CONVERT (date, GETDATE()),236.41),
(2,2,2,CONVERT (date, GETDATE()),224.8),
(3,3,3,CONVERT (date, GETDATE()),122.99),
(4,4,4,CONVERT (date, GETDATE()),836.82),
(5,5,5,CONVERT (date, GETDATE()),300.95),
(6,6,6,CONVERT (date, GETDATE()),738.29),
(7,7,7,CONVERT (date, GETDATE()),432.11),
(8,8,8,CONVERT (date, GETDATE()),859.45),
(9,9,9,CONVERT (date, GETDATE()),68.96),
(10,10,10,CONVERT (date, GETDATE()),450.2),
(1,11,11,CONVERT (date, GETDATE()),481.25),
(2,12,12,CONVERT (date, GETDATE()),943.22),
(3,13,13,CONVERT (date, GETDATE()),788.33),
(4,14,14,CONVERT (date, GETDATE()),736.02),
(5,15,15,CONVERT (date, GETDATE()),638.07),
(6,16,16,CONVERT (date, GETDATE()),974.41),
(7,17,17,CONVERT (date, GETDATE()),788.59),
(8,18,18,CONVERT (date, GETDATE()),734.71),
(9,19,19,CONVERT (date, GETDATE()),703.28),
(10,20,20,CONVERT (date, GETDATE()),393.17),
(1,21,21,CONVERT (date, GETDATE()),131.9),
(2,22,22,CONVERT (date, GETDATE()),488.21),
(3,23,23,CONVERT (date, GETDATE()),704.53),
(4,24,24,CONVERT (date, GETDATE()),85.84),
(5,25,25,CONVERT (date, GETDATE()),314.64),
(6,26,26,CONVERT (date, GETDATE()),213.67),
(7,27,27,CONVERT (date, GETDATE()),854.77),
(8,28,28,CONVERT (date, GETDATE()),207.81),
(9,29,29,CONVERT (date, GETDATE()),169.91),
(10,30,30,CONVERT (date, GETDATE()),846.43),
(1,31,31,CONVERT (date, GETDATE()),563.88),
(2,32,32,CONVERT (date, GETDATE()),657.24),
(3,33,33,CONVERT (date, GETDATE()),722.85),
(4,34,34,CONVERT (date, GETDATE()),187.47),
(5,35,35,CONVERT (date, GETDATE()),77.48),
(6,36,36,CONVERT (date, GETDATE()),972.16),
(7,37,37,CONVERT (date, GETDATE()),274.22),
(8,38,38,CONVERT (date, GETDATE()),211.59),
(9,39,39,CONVERT (date, GETDATE()),878.49),
(10,40,40,CONVERT (date, GETDATE()),696.76),
(1,41,41,CONVERT (date, GETDATE()),935.97),
(2,42,42,CONVERT (date, GETDATE()),555.25),
(3,43,43,CONVERT (date, GETDATE()),602.76),
(4,44,44,CONVERT (date, GETDATE()),588.95),
(5,45,45,CONVERT (date, GETDATE()),667.45),
(6,46,46,CONVERT (date, GETDATE()),480.73),
(7,47,47,CONVERT (date, GETDATE()),501.19),
(8,48,48,CONVERT (date, GETDATE()),150.66),
(9,49,49,CONVERT (date, GETDATE()),956.81),
(10,50,50,CONVERT (date, GETDATE()),192.24)


INSERT INTO Withdrawals (LocationID, EmployeeID, CustomerID, WithdrawalDate, WithdrawalAmount, WithdrawalSuccesful) VALUES
(1,1,1,CONVERT (date, GETDATE()),977.75,1),
(2,2,2,CONVERT (date, GETDATE()),442.13,0),
(3,3,3,CONVERT (date, GETDATE()),136.37,1),
(4,4,4,CONVERT (date, GETDATE()),244.6,1),
(5,5,5,CONVERT (date, GETDATE()),345.49,0),
(6,6,6,CONVERT (date, GETDATE()),902.72,1),
(7,7,7,CONVERT (date, GETDATE()),101.13,1),
(8,8,8,CONVERT (date, GETDATE()),326.45,1),
(9,9,9,CONVERT (date, GETDATE()),504.04,0),
(10,10,10,CONVERT (date, GETDATE()),486.15,1),
(1,11,11,CONVERT (date, GETDATE()),629.46,0),
(2,12,12,CONVERT (date, GETDATE()),977.09,0),
(3,13,13,CONVERT (date, GETDATE()),816.16,0),
(4,14,14,CONVERT (date, GETDATE()),714.21,0),
(5,15,15,CONVERT (date, GETDATE()),605.26,1),
(6,16,16,CONVERT (date, GETDATE()),968.69,1),
(7,17,17,CONVERT (date, GETDATE()),514.4,0),
(8,18,18,CONVERT (date, GETDATE()),253.31,0),
(9,19,19,CONVERT (date, GETDATE()),714.99,1),
(10,20,20,CONVERT (date, GETDATE()),155.29,1),
(1,21,21,CONVERT (date, GETDATE()),727.45,0),
(2,22,22,CONVERT (date, GETDATE()),463.06,1),
(3,23,23,CONVERT (date, GETDATE()),160.17,1),
(4,24,24,CONVERT (date, GETDATE()),558.97,0),
(5,25,25,CONVERT (date, GETDATE()),240.95,0),
(6,26,26,CONVERT (date, GETDATE()),985.43,0),
(7,27,27,CONVERT (date, GETDATE()),356.85,0),
(8,28,28,CONVERT (date, GETDATE()),15.85,0),
(9,29,29,CONVERT (date, GETDATE()),89.64,1),
(10,30,30,CONVERT (date, GETDATE()),609.07,0),
(1,31,31,CONVERT (date, GETDATE()),39.43,1),
(2,32,32,CONVERT (date, GETDATE()),685.1,0),
(3,33,33,CONVERT (date, GETDATE()),397.71,1),
(4,34,34,CONVERT (date, GETDATE()),205.05,1),
(5,35,35,CONVERT (date, GETDATE()),222.82,0),
(6,36,36,CONVERT (date, GETDATE()),698.97,1),
(7,37,37,CONVERT (date, GETDATE()),35.88,0),
(8,38,38,CONVERT (date, GETDATE()),290.71,1),
(9,39,39,CONVERT (date, GETDATE()),746.4,1),
(10,40,40,CONVERT (date, GETDATE()),813.42,1),
(1,41,41,CONVERT (date, GETDATE()),20.02,1),
(2,42,42,CONVERT (date, GETDATE()),266.25,0),
(3,43,43,CONVERT (date, GETDATE()),175.67,0),
(4,44,44,CONVERT (date, GETDATE()),53.8,0),
(5,45,45,CONVERT (date, GETDATE()),376.05,1),
(6,46,46,CONVERT (date, GETDATE()),583.56,0),
(7,47,47,CONVERT (date, GETDATE()),278.16,1),
(8,48,48,CONVERT (date, GETDATE()),284.81,1),
(9,49,49,CONVERT (date, GETDATE()),927.81,0),
(10,50,50,CONVERT (date, GETDATE()),993.23,0)


INSERT INTO CheckCashing (LocationID, EmployeeID, CustomerID, CheckCashingDate, CheckCashingAmount) VALUES
(1,1,1,CONVERT (date, GETDATE()),787.48),
(2,2,2,CONVERT (date, GETDATE()),984.68),
(3,3,3,CONVERT (date, GETDATE()),20.84),
(4,4,4,CONVERT (date, GETDATE()),286.8),
(5,5,5,CONVERT (date, GETDATE()),884.11),
(6,6,6,CONVERT (date, GETDATE()),214.25),
(7,7,7,CONVERT (date, GETDATE()),255.9),
(8,8,8,CONVERT (date, GETDATE()),943.76),
(9,9,9,CONVERT (date, GETDATE()),173.03),
(10,10,10,CONVERT (date, GETDATE()),246.29),
(1,11,11,CONVERT (date, GETDATE()),502.07),
(2,12,12,CONVERT (date, GETDATE()),805.88),
(3,13,13,CONVERT (date, GETDATE()),852.47),
(4,14,14,CONVERT (date, GETDATE()),898.71),
(5,15,15,CONVERT (date, GETDATE()),540.01),
(6,16,16,CONVERT (date, GETDATE()),851.15),
(7,17,17,CONVERT (date, GETDATE()),736.13),
(8,18,18,CONVERT (date, GETDATE()),724.3),
(9,19,19,CONVERT (date, GETDATE()),669.95),
(10,20,20,CONVERT (date, GETDATE()),643.31),
(1,21,21,CONVERT (date, GETDATE()),287.69),
(2,22,22,CONVERT (date, GETDATE()),835.16),
(3,23,23,CONVERT (date, GETDATE()),299.71),
(4,24,24,CONVERT (date, GETDATE()),301.3),
(5,25,25,CONVERT (date, GETDATE()),28.43),
(6,26,26,CONVERT (date, GETDATE()),714.83),
(7,27,27,CONVERT (date, GETDATE()),668.8),
(8,28,28,CONVERT (date, GETDATE()),245.3),
(9,29,29,CONVERT (date, GETDATE()),369.52),
(10,30,30,CONVERT (date, GETDATE()),200.3),
(1,31,31,CONVERT (date, GETDATE()),464.75),
(2,32,32,CONVERT (date, GETDATE()),317.39),
(3,33,33,CONVERT (date, GETDATE()),801.52),
(4,34,34,CONVERT (date, GETDATE()),911.83),
(5,35,35,CONVERT (date, GETDATE()),160.24),
(6,36,36,CONVERT (date, GETDATE()),349.65),
(7,37,37,CONVERT (date, GETDATE()),145.71),
(8,38,38,CONVERT (date, GETDATE()),150.16),
(9,39,39,CONVERT (date, GETDATE()),358.96),
(10,40,40,CONVERT (date, GETDATE()),119.97),
(1,41,41,CONVERT (date, GETDATE()),225.6),
(2,42,42,CONVERT (date, GETDATE()),219.37),
(3,43,43,CONVERT (date, GETDATE()),140.02),
(4,44,44,CONVERT (date, GETDATE()),758.1),
(5,45,45,CONVERT (date, GETDATE()),378.21),
(6,46,46,CONVERT (date, GETDATE()),662.94),
(7,47,47,CONVERT (date, GETDATE()),298.17),
(8,48,48,CONVERT (date, GETDATE()),895.24),
(9,49,49,CONVERT (date, GETDATE()),876.3),
(10,50,50,CONVERT (date, GETDATE()),111.46)

/*
INSERT INTO Locations (LocationID, LocationCode, Address, City, State) VALUES
(1, 'AAAA', '123 Main St.', 'Norfolk', 'VA'),
(2, 'AAAB', '150 Main St.', 'Richmond', 'VA'),
(3, 'AAAC', '234 Main St.', 'Charlotte', 'NC'),
(4, 'AAAD', '250 Main St.', 'Raleigh', 'NC'),
(5, 'AAAE', '345 Main St.', 'Baltimore', 'MD'),
(6, 'AAAF', '350 Main St.', 'Bethesda', 'MD'),
(7, 'AAAG', '456 25th St.', 'Washington', 'DC'),
(8, 'AAAH', '450 50th St.', 'Washington', 'DC'),
(9, 'AAAI', '567 Main St.', 'Dover', 'DE'),
(10, 'AAAJ', '550 Main St.', 'Newark', 'NJ')

INSERT INTO AccountType (AccountType) VALUES
('Standard Checking'),
('Standard Savings'),
('College Savings')
*/